,balanced_accuracy,precision,accuracy,recall,duration
0,0.6019407622991372,0.7378127542156253,0.7220259648503047,0.6019407622991372,0.0
