,balanced_accuracy,precision,accuracy,recall,duration
0,0.8765558992645405,0.9057637008560396,0.9256802926162627,0.8765558992645405,0.0
