balanced_accuracy,precision,accuracy,recall,duration
0.4378959721893105,0.46653005976918155,0.6602048926962819,0.4378959721893105,12.429826736450195
