balanced_accuracy,precision,accuracy,recall,duration
0.45950296294647247,0.4682526439305468,0.704186169743001,0.45950296294647247,12.50717544555664
