balanced_accuracy,precision,accuracy,recall,duration
0.16666666666666666,0.06612646825046366,0.396758809502782,0.16666666666666666,1836.3350594043732
