,balanced_accuracy,precision,accuracy,recall,duration
0,0.5922037655136375,0.5589060781131742,0.6619712090435397,0.5922037655136375,0.0
