balanced_accuracy,precision,accuracy,recall,duration
0.44823513597773873,0.46752364797181495,0.7065265389031176,0.44823513597773873,12.503723859786987
