balanced_accuracy,precision,accuracy,recall,duration
0.4255893798715466,0.4280796459932878,0.6398922547028173,0.4255893798715466,12.478662729263306
