,balanced_accuracy,precision,accuracy,recall,duration
0,0.9377677676153692,0.9397069336569587,0.9502391575224085,0.9377677676153692,0.0
