,balanced_accuracy,precision,accuracy,recall,duration
0,0.6294563252844594,0.7118056126258882,0.6972975359886956,0.6294563252844594,0.0
