balanced_accuracy,precision,accuracy,recall,duration
0.4254070073600458,0.4724157055516202,0.6878035856221849,0.4254070073600458,12.454646587371826
