,balanced_accuracy,precision,accuracy,recall,duration
0,0.4288974129078576,0.4866033263044424,0.698533957431776,0.4288974129078576,12.451417207717896
