balanced_accuracy,precision,accuracy,recall,duration
0.16666666666666666,0.06612646825046366,0.396758809502782,0.16666666666666666,142.79446482658386
