,balanced_accuracy,precision,accuracy,recall,duration
0,0.46860754590447407,0.49388008883186535,0.5895963967146516,0.46860754590447407,0.0
