,balanced_accuracy,precision,accuracy,recall,duration
0,0.6193081092864438,0.6401155054210486,0.6695663693367482,0.6193081092864438,0.0
