,balanced_accuracy,precision,accuracy,recall,duration
0,0.49133446902702094,0.6741671486551013,0.5815154994259472,0.49133446902702094,0.0
