balanced_accuracy,precision,accuracy,recall,duration
0.43512169920387206,0.46286862963175807,0.6506667844210898,0.43512169920387206,12.432223796844482
