,balanced_accuracy,precision,accuracy,recall,duration
0,0.6957950075520515,0.7752177859870081,0.8252341332047108,0.6957950075520515,0.0
