,balanced_accuracy,precision,accuracy,recall,duration
0,0.513607320775658,0.6932010204716769,0.7265742294444935,0.513607320775658,0.0
