balanced_accuracy,precision,accuracy,recall,duration
0.4411776490733843,0.48737485114112067,0.6690364744325709,0.4411776490733843,12.485687494277954
