balanced_accuracy,precision,accuracy,recall,duration
0.43454892557453895,0.487891097905339,0.7006535370484854,0.43454892557453895,12.479264974594116
