balanced_accuracy,precision,accuracy,recall,duration
0.44235434586103195,0.43364677367485194,0.6420559922282081,0.44235434586103195,12.471871614456177
