balanced_accuracy,precision,accuracy,recall,duration
0.4293986049469247,0.46165985195333253,0.6667402631811358,0.4293986049469247,12.426629543304443
