balanced_accuracy,precision,accuracy,recall,duration
0.4315715144907484,0.3770844329265275,0.653757838028791,0.4315715144907484,12.467381954193115
