,balanced_accuracy,precision,accuracy,recall,duration
0,0.7936479629861587,0.8736617654711103,0.8313838980666426,0.7936479629861587,0.0
